dataset,method,predicted,predicted*2,predicted/2,ground_truth,ad,ad*2,ad/2,min_ad,top_ad
Adiac,FFT,22,44,11.0,22.02099999999996,0.020999999999961716,21.97900000000004,11.020999999999962,0.020999999999961716,0.020999999999961716
ArrowHead,FFT,31,62,15.5,62.833999999999946,31.833999999999946,0.8339999999999463,47.333999999999946,0.8339999999999463,31.833999999999946
Beef,FFT,58,116,29.0,117.019,59.019000000000005,1.0190000000000055,88.019,1.0190000000000055,59.019000000000005
BirdChicken,FFT,42,84,21.0,129.56650000000008,87.56650000000008,45.566500000000076,108.56650000000008,45.566500000000076,87.56650000000008
CBF,FFT,32,64,16.0,31.999999999999982,1.7763568394002505e-14,32.000000000000014,15.999999999999982,1.7763568394002505e-14,1.7763568394002505e-14
Car,FFT,18,36,9.0,36.00199999999995,18.001999999999953,0.0019999999999527063,27.001999999999953,0.0019999999999527063,18.001999999999953
Chinatown,FFT,24,48,12.0,24.002999999999982,0.00299999999998235,23.997000000000018,12.002999999999982,0.00299999999998235,0.00299999999998235
ChlorineConcentration,FFT,20,40,10.0,83.0,63.0,43.0,73.0,43.0,63.0
CinCECGTorso,FFT,199,398,99.5,205.0,6.0,193.0,105.5,6.0,6.0
Coffee,FFT,35,70,17.5,36.0,1.0,34.0,18.5,1.0,1.0
CricketX,FFT,18,36,9.0,21.0,3.0,15.0,12.0,3.0,3.0
CricketY,FFT,18,36,9.0,19.0,1.0,17.0,10.0,1.0,1.0
CricketZ,FFT,18,36,9.0,37.00049999999999,19.000499999999988,1.0004999999999882,28.000499999999988,1.0004999999999882,19.000499999999988
Crop,FFT,22,44,11.0,23.01600000000053,1.0160000000005311,20.98399999999947,12.016000000000531,1.0160000000005311,1.0160000000005311
DiatomSizeReduction,FFT,43,86,21.5,43.0,0.0,43.0,21.5,0.0,0.0
DistalPhalanxOutlineAgeGroup,FFT,10,20,5.0,10.0,0.0,10.0,5.0,0.0,0.0
DistalPhalanxTW,FFT,20,40,10.0,20.0,0.0,20.0,10.0,0.0,0.0
DodgerLoopDay,FFT,288,576,144.0,288.928,0.9279999999999973,287.072,144.928,0.9279999999999973,0.9279999999999973
ECG200,FFT,23,46,11.5,24.000999999999976,1.0009999999999764,21.999000000000024,12.500999999999976,1.0009999999999764,1.0009999999999764
ECGFiveDays,FFT,17,34,8.5,34.0,17.0,0.0,25.5,0.0,17.0
EOGHorizontalSignal,FFT,80,160,40.0,78.00900000000001,1.9909999999999854,81.99099999999999,38.009000000000015,1.9909999999999854,1.9909999999999854
EOGVerticalSignal,FFT,77,154,38.5,78.0005000000001,1.0005000000001019,75.9994999999999,39.5005000000001,1.0005000000001019,1.0005000000001019
FaceAll,FFT,10,20,5.0,33.0,23.0,13.0,28.0,13.0,23.0
FaceFour,FFT,43,86,21.5,350.00549999999976,307.00549999999976,264.00549999999976,328.50549999999976,264.00549999999976,307.00549999999976
FacesUCR,FFT,10,20,5.0,65.0,55.0,45.0,60.0,45.0,55.0
FiftyWords,FFT,33,66,16.5,33.99800000000005,0.9980000000000473,32.00199999999995,17.498000000000047,0.9980000000000473,0.9980000000000473
Fish,FFT,28,56,14.0,57.99799999999959,29.997999999999593,1.9979999999995925,43.99799999999959,1.9979999999995925,29.997999999999593
FreezerRegularTrain,FFT,75,150,37.5,75.0034999999998,0.003499999999803549,74.9965000000002,37.5034999999998,0.003499999999803549,0.003499999999803549
GunPoint,FFT,37,74,18.5,37.50749999999999,0.5074999999999932,36.49250000000001,19.007499999999993,0.5074999999999932,0.5074999999999932
Ham,FFT,26,52,13.0,107.99699999999984,81.99699999999984,55.996999999999844,94.99699999999984,55.996999999999844,81.99699999999984
Haptics,FFT,68,136,34.0,68.00200000000041,0.0020000000004074536,67.99799999999959,34.00200000000041,0.0020000000004074536,0.0020000000004074536
Herring,FFT,64,128,32.0,128.00500000000005,64.00500000000005,0.005000000000052296,96.00500000000005,0.005000000000052296,64.00500000000005
InlineSkate,FFT,117,234,58.5,114.03599999999985,2.964000000000155,119.96400000000015,55.535999999999845,2.964000000000155,2.964000000000155
InsectWingbeatSound,FFT,16,32,8.0,15.519499999999994,0.48050000000000637,16.480500000000006,7.519499999999994,0.48050000000000637,0.48050000000000637
ItalyPowerDemand,FFT,24,48,12.0,23.99700000000007,0.0029999999999290594,24.00299999999993,11.997000000000071,0.0029999999999290594,0.0029999999999290594
LargeKitchenAppliances,FFT,22,44,11.0,28.45149999999967,6.451499999999669,15.548500000000331,17.45149999999967,6.451499999999669,6.451499999999669
Lightning2,FFT,19,38,9.5,19.98599999999999,0.98599999999999,18.01400000000001,10.48599999999999,0.98599999999999,0.98599999999999
Lightning7,FFT,159,318,79.5,159.00599999999986,0.005999999999858119,158.99400000000014,79.50599999999986,0.005999999999858119,0.005999999999858119
Mallat,FFT,42,84,21.0,128.00099999999998,86.00099999999998,44.000999999999976,107.00099999999998,44.000999999999976,86.00099999999998
Meat,FFT,27,54,13.5,56.0,29.0,2.0,42.5,2.0,29.0
MedicalImages,FFT,49,98,24.5,49.01599999999985,0.015999999999849024,48.98400000000015,24.51599999999985,0.015999999999849024,0.015999999999849024
MelbournePedestrian,FFT,11,22,5.5,12.000999999999747,1.0009999999997472,9.999000000000253,6.500999999999747,1.0009999999997472,1.0009999999997472
MiddlePhalanxOutlineAgeGroup,FFT,39,78,19.5,40.0,1.0,38.0,20.5,1.0,1.0
MiddlePhalanxOutlineCorrect,FFT,20,40,10.0,20.0,0.0,20.0,10.0,0.0,0.0
MiddlePhalanxTW,FFT,80,160,40.0,80.0010000000002,0.0010000000002037268,79.9989999999998,40.001000000000204,0.0010000000002037268,0.0010000000002037268
MoteStrain,FFT,83,166,41.5,85.18099999999998,2.180999999999983,80.81900000000002,43.68099999999998,2.180999999999983,2.180999999999983
NonInvasiveFetalECGThorax1,FFT,46,92,23.0,47.0,1.0,45.0,24.0,1.0,1.0
NonInvasiveFetalECGThorax2,FFT,46,92,23.0,47.0,1.0,45.0,24.0,1.0,1.0
OSULeaf,FFT,13,26,6.5,56.0,43.0,30.0,49.5,30.0,43.0
OliveOil,FFT,285,570,142.5,285.00049999999965,0.0004999999996471161,284.99950000000035,142.50049999999965,0.0004999999996471161,0.0004999999996471161
Plane,FFT,18,36,9.0,36.0,18.0,0.0,27.0,0.0,18.0
ProximalPhalanxOutlineAgeGroup,FFT,10,20,5.0,10.0,0.0,10.0,5.0,0.0,0.0
ProximalPhalanxOutlineCorrect,FFT,10,20,5.0,10.0,0.0,10.0,5.0,0.0,0.0
ProximalPhalanxTW,FFT,20,40,10.0,20.0,0.0,20.0,10.0,0.0,0.0
ShapeletSim,FFT,11,22,5.5,33.0,22.0,11.0,27.5,11.0,22.0
ShapesAll,FFT,64,128,32.0,127.00700000000006,63.00700000000006,0.9929999999999382,95.00700000000006,0.9929999999999382,63.00700000000006
SonyAIBORobotSurface1,FFT,35,70,17.5,37.99899999999991,2.99899999999991,32.00100000000009,20.49899999999991,2.99899999999991,2.99899999999991
SonyAIBORobotSurface2,FFT,13,26,6.5,63.756500000000074,50.756500000000074,37.756500000000074,57.256500000000074,37.756500000000074,50.756500000000074
Strawberry,FFT,14,28,7.0,14.996999999999986,0.9969999999999857,13.003000000000014,7.996999999999986,0.9969999999999857,0.9969999999999857
SwedishLeaf,FFT,16,32,8.0,32.0,16.0,0.0,24.0,0.0,16.0
Symbols,FFT,99,198,49.5,100.00149999999996,1.0014999999999645,97.99850000000004,50.501499999999965,1.0014999999999645,1.0014999999999645
SyntheticControl,FFT,15,30,7.5,15.000999999999976,0.0009999999999763531,14.999000000000024,7.500999999999976,0.0009999999999763531,0.0009999999999763531
ToeSegmentation1,FFT,26,52,13.0,76.0,50.0,24.0,63.0,24.0,50.0
ToeSegmentation2,FFT,33,66,16.5,35.00200000000001,2.0020000000000095,30.99799999999999,18.50200000000001,2.0020000000000095,2.0020000000000095
Trace,FFT,68,136,34.0,69.0,1.0,67.0,35.0,1.0,1.0
TwoLeadECG,FFT,20,40,10.0,20.742500000000007,0.7425000000000068,19.257499999999993,10.742500000000007,0.7425000000000068,0.7425000000000068
UMD,FFT,138,276,69.0,149.49200000000002,11.492000000000019,126.50799999999998,80.49200000000002,11.492000000000019,11.492000000000019
UWaveGestureLibraryAll,FFT,14,28,7.0,20.998999999999796,6.998999999999796,7.001000000000204,13.998999999999796,6.998999999999796,6.998999999999796
UWaveGestureLibraryX,FFT,10,20,5.0,10.99899999999991,0.99899999999991,9.00100000000009,5.99899999999991,0.99899999999991,0.99899999999991
UWaveGestureLibraryY,FFT,10,20,5.0,10.0,0.0,10.0,5.0,0.0,0.0
UWaveGestureLibraryZ,FFT,10,20,5.0,15.0,5.0,5.0,10.0,5.0,5.0
WordSynonyms,FFT,33,66,16.5,33.998999999999995,0.9989999999999952,32.001000000000005,17.498999999999995,0.9989999999999952,0.9989999999999952
Yoga,FFT,26,52,13.0,64.76299999999992,38.76299999999992,12.76299999999992,51.76299999999992,12.76299999999992,38.76299999999992
Adiac,ACF,22,44,11.0,22.02099999999996,0.020999999999961716,21.97900000000004,11.020999999999962,0.020999999999961716,11.020999999999962
ArrowHead,ACF,63,126,31.5,62.833999999999946,0.16600000000005366,63.166000000000054,31.333999999999946,0.16600000000005366,31.333999999999946
Beef,ACF,118,236,59.0,117.019,0.9809999999999945,118.981,58.019000000000005,0.9809999999999945,58.019000000000005
BirdChicken,ACF,255,510,127.5,129.56650000000008,125.43349999999992,380.4334999999999,2.066500000000076,2.066500000000076,2.066500000000076
CBF,ACF,32,64,16.0,31.999999999999982,1.7763568394002505e-14,32.000000000000014,15.999999999999982,1.7763568394002505e-14,15.999999999999982
Car,ACF,36,72,18.0,36.00199999999995,0.0019999999999527063,35.99800000000005,18.001999999999953,0.0019999999999527063,18.001999999999953
Chinatown,ACF,24,48,12.0,24.002999999999982,0.00299999999998235,23.997000000000018,12.002999999999982,0.00299999999998235,12.002999999999982
ChlorineConcentration,ACF,83,166,41.5,83.0,0.0,83.0,41.5,0.0,41.5
CinCECGTorso,ACF,825,1650,412.5,205.0,620.0,1445.0,207.5,207.5,207.5
Coffee,ACF,36,72,18.0,36.0,0.0,36.0,18.0,0.0,18.0
CricketX,ACF,19,38,9.5,21.0,2.0,17.0,11.5,2.0,11.5
CricketY,ACF,19,38,9.5,19.0,0.0,19.0,9.5,0.0,9.5
CricketZ,ACF,112,224,56.0,37.00049999999999,74.99950000000001,186.9995,18.999500000000012,18.999500000000012,18.999500000000012
Crop,ACF,46,92,23.0,23.01600000000053,22.98399999999947,68.98399999999947,0.016000000000531145,0.016000000000531145,0.016000000000531145
DiatomSizeReduction,ACF,43,86,21.5,43.0,0.0,43.0,21.5,0.0,21.5
DistalPhalanxOutlineAgeGroup,ACF,10,20,5.0,10.0,0.0,10.0,5.0,0.0,5.0
DistalPhalanxTW,ACF,20,40,10.0,20.0,0.0,20.0,10.0,0.0,10.0
DodgerLoopDay,ACF,13,26,6.5,288.928,275.928,262.928,282.428,262.928,282.428
ECG200,ACF,48,96,24.0,24.000999999999976,23.999000000000024,71.99900000000002,0.0009999999999763531,0.0009999999999763531,0.0009999999999763531
ECGFiveDays,ACF,68,136,34.0,34.0,34.0,102.0,0.0,0.0,0.0
EOGHorizontalSignal,ACF,78,156,39.0,78.00900000000001,0.009000000000014552,77.99099999999999,39.009000000000015,0.009000000000014552,39.009000000000015
EOGVerticalSignal,ACF,78,156,39.0,78.0005000000001,0.0005000000001018634,77.9994999999999,39.0005000000001,0.0005000000001018634,39.0005000000001
FaceAll,ACF,33,66,16.5,33.0,0.0,33.0,16.5,0.0,16.5
FaceFour,ACF,349,698,174.5,350.00549999999976,1.0054999999997563,347.99450000000024,175.50549999999976,1.0054999999997563,175.50549999999976
FacesUCR,ACF,262,524,131.0,65.0,197.0,459.0,66.0,66.0,66.0
FiftyWords,ACF,34,68,17.0,33.99800000000005,0.0019999999999527063,34.00199999999995,16.998000000000047,0.0019999999999527063,16.998000000000047
Fish,ACF,58,116,29.0,57.99799999999959,0.0020000000004074536,58.00200000000041,28.997999999999593,0.0020000000004074536,28.997999999999593
FreezerRegularTrain,ACF,75,150,37.5,75.0034999999998,0.003499999999803549,74.9965000000002,37.5034999999998,0.003499999999803549,37.5034999999998
GunPoint,ACF,37,74,18.5,37.50749999999999,0.5074999999999932,36.49250000000001,19.007499999999993,0.5074999999999932,19.007499999999993
Ham,ACF,108,216,54.0,107.99699999999984,0.003000000000156433,108.00300000000016,53.996999999999844,0.003000000000156433,53.996999999999844
Haptics,ACF,68,136,34.0,68.00200000000041,0.0020000000004074536,67.99799999999959,34.00200000000041,0.0020000000004074536,34.00200000000041
Herring,ACF,128,256,64.0,128.00500000000005,0.005000000000052296,127.99499999999995,64.00500000000005,0.005000000000052296,64.00500000000005
InlineSkate,ACF,235,470,117.5,114.03599999999985,120.96400000000015,355.96400000000017,3.464000000000155,3.464000000000155,3.464000000000155
InsectWingbeatSound,ACF,48,96,24.0,15.519499999999994,32.480500000000006,80.4805,8.480500000000006,8.480500000000006,8.480500000000006
ItalyPowerDemand,ACF,48,96,24.0,23.99700000000007,24.00299999999993,72.00299999999993,0.0029999999999290594,0.0029999999999290594,0.0029999999999290594
LargeKitchenAppliances,ACF,23,46,11.5,28.45149999999967,5.451499999999669,17.54850000000033,16.95149999999967,5.451499999999669,16.95149999999967
Lightning2,ACF,60,120,30.0,19.98599999999999,40.01400000000001,100.01400000000001,10.01400000000001,10.01400000000001,10.01400000000001
Lightning7,ACF,638,1276,319.0,159.00599999999986,478.99400000000014,1116.9940000000001,159.99400000000014,159.99400000000014,159.99400000000014
Mallat,ACF,128,256,64.0,128.00099999999998,0.0009999999999763531,127.99900000000002,64.00099999999998,0.0009999999999763531,64.00099999999998
Meat,ACF,56,112,28.0,56.0,0.0,56.0,28.0,0.0,28.0
MedicalImages,ACF,49,98,24.5,49.01599999999985,0.015999999999849024,48.98400000000015,24.51599999999985,0.015999999999849024,24.51599999999985
MelbournePedestrian,ACF,24,48,12.0,12.000999999999747,11.999000000000253,35.99900000000025,0.000999999999747203,0.000999999999747203,0.000999999999747203
MiddlePhalanxOutlineAgeGroup,ACF,40,80,20.0,40.0,0.0,40.0,20.0,0.0,20.0
MiddlePhalanxOutlineCorrect,ACF,20,40,10.0,20.0,0.0,20.0,10.0,0.0,10.0
MiddlePhalanxTW,ACF,80,160,40.0,80.0010000000002,0.0010000000002037268,79.9989999999998,40.001000000000204,0.0010000000002037268,40.001000000000204
MoteStrain,ACF,251,502,125.5,85.18099999999998,165.81900000000002,416.819,40.31900000000002,40.31900000000002,40.31900000000002
NonInvasiveFetalECGThorax1,ACF,47,94,23.5,47.0,0.0,47.0,23.5,0.0,23.5
NonInvasiveFetalECGThorax2,ACF,47,94,23.5,47.0,0.0,47.0,23.5,0.0,23.5
OSULeaf,ACF,53,106,26.5,56.0,3.0,50.0,29.5,3.0,29.5
OliveOil,ACF,285,570,142.5,285.00049999999965,0.0004999999996471161,284.99950000000035,142.50049999999965,0.0004999999996471161,142.50049999999965
Plane,ACF,36,72,18.0,36.0,0.0,36.0,18.0,0.0,18.0
ProximalPhalanxOutlineAgeGroup,ACF,10,20,5.0,10.0,0.0,10.0,5.0,0.0,5.0
ProximalPhalanxOutlineCorrect,ACF,10,20,5.0,10.0,0.0,10.0,5.0,0.0,5.0
ProximalPhalanxTW,ACF,20,40,10.0,20.0,0.0,20.0,10.0,0.0,10.0
ShapeletSim,ACF,641,1282,320.5,33.0,608.0,1249.0,287.5,287.5,287.5
ShapesAll,ACF,128,256,64.0,127.00700000000006,0.9929999999999382,128.99299999999994,63.00700000000006,0.9929999999999382,63.00700000000006
SonyAIBORobotSurface1,ACF,70,140,35.0,37.99899999999991,32.00100000000009,102.00100000000009,2.99899999999991,2.99899999999991,2.99899999999991
SonyAIBORobotSurface2,ACF,130,260,65.0,63.756500000000074,66.24349999999993,196.24349999999993,1.2434999999999263,1.2434999999999263,1.2434999999999263
Strawberry,ACF,44,88,22.0,14.996999999999986,29.003000000000014,73.00300000000001,7.003000000000014,7.003000000000014,7.003000000000014
SwedishLeaf,ACF,32,64,16.0,32.0,0.0,32.0,16.0,0.0,16.0
Symbols,ACF,100,200,50.0,100.00149999999996,0.0014999999999645297,99.99850000000004,50.001499999999965,0.0014999999999645297,50.001499999999965
SyntheticControl,ACF,15,30,7.5,15.000999999999976,0.0009999999999763531,14.999000000000024,7.500999999999976,0.0009999999999763531,7.500999999999976
ToeSegmentation1,ACF,22,44,11.0,76.0,54.0,32.0,65.0,32.0,65.0
ToeSegmentation2,ACF,68,136,34.0,35.00200000000001,32.99799999999999,100.99799999999999,1.0020000000000095,1.0020000000000095,1.0020000000000095
Trace,ACF,69,138,34.5,69.0,0.0,69.0,34.5,0.0,34.5
TwoLeadECG,ACF,41,82,20.5,20.742500000000007,20.257499999999993,61.25749999999999,0.24250000000000682,0.24250000000000682,0.24250000000000682
UMD,ACF,151,302,75.5,149.49200000000002,1.5079999999999814,152.50799999999998,73.99200000000002,1.5079999999999814,73.99200000000002
UWaveGestureLibraryAll,ACF,59,118,29.5,20.998999999999796,38.001000000000204,97.0010000000002,8.501000000000204,8.501000000000204,8.501000000000204
UWaveGestureLibraryX,ACF,10,20,5.0,10.99899999999991,0.99899999999991,9.00100000000009,5.99899999999991,0.99899999999991,5.99899999999991
UWaveGestureLibraryY,ACF,10,20,5.0,10.0,0.0,10.0,5.0,0.0,5.0
UWaveGestureLibraryZ,ACF,10,20,5.0,15.0,5.0,5.0,10.0,5.0,10.0
WordSynonyms,ACF,101,202,50.5,33.998999999999995,67.001,168.001,16.501000000000005,16.501000000000005,16.501000000000005
Yoga,ACF,107,214,53.5,64.76299999999992,42.23700000000008,149.23700000000008,11.26299999999992,11.26299999999992,11.26299999999992
Adiac,SuSS,22,44,11.0,22.02099999999996,0.020999999999961716,21.97900000000004,11.020999999999962,0.020999999999961716,0.020999999999961716
ArrowHead,SuSS,32,64,16.0,62.833999999999946,30.833999999999946,1.1660000000000537,46.833999999999946,1.1660000000000537,30.833999999999946
Beef,SuSS,66,132,33.0,117.019,51.019000000000005,14.980999999999995,84.019,14.980999999999995,51.019000000000005
BirdChicken,SuSS,48,96,24.0,129.56650000000008,81.56650000000008,33.566500000000076,105.56650000000008,33.566500000000076,81.56650000000008
CBF,SuSS,36,72,18.0,31.999999999999982,4.000000000000018,40.000000000000014,13.999999999999982,4.000000000000018,4.000000000000018
Car,SuSS,24,48,12.0,36.00199999999995,12.001999999999953,11.998000000000047,24.001999999999953,11.998000000000047,12.001999999999953
Chinatown,SuSS,24,48,12.0,24.002999999999982,0.00299999999998235,23.997000000000018,12.002999999999982,0.00299999999998235,0.00299999999998235
ChlorineConcentration,SuSS,36,72,18.0,83.0,47.0,11.0,65.0,11.0,47.0
CinCECGTorso,SuSS,106,212,53.0,205.0,99.0,7.0,152.0,7.0,99.0
Coffee,SuSS,30,60,15.0,36.0,6.0,24.0,21.0,6.0,6.0
CricketX,SuSS,42,84,21.0,21.0,21.0,63.0,0.0,0.0,21.0
CricketY,SuSS,34,68,17.0,19.0,15.0,49.0,2.0,2.0,15.0
CricketZ,SuSS,44,88,22.0,37.00049999999999,6.999500000000012,50.99950000000001,15.000499999999988,6.999500000000012,6.999500000000012
Crop,SuSS,52,104,26.0,23.01600000000053,28.98399999999947,80.98399999999947,2.983999999999469,2.983999999999469,28.98399999999947
DiatomSizeReduction,SuSS,34,68,17.0,43.0,9.0,25.0,26.0,9.0,9.0
DistalPhalanxOutlineAgeGroup,SuSS,20,40,10.0,10.0,10.0,30.0,0.0,0.0,10.0
DistalPhalanxTW,SuSS,20,40,10.0,20.0,0.0,20.0,10.0,0.0,0.0
DodgerLoopDay,SuSS,62,124,31.0,288.928,226.928,164.928,257.928,164.928,226.928
ECG200,SuSS,32,64,16.0,24.000999999999976,7.999000000000024,39.999000000000024,8.000999999999976,7.999000000000024,7.999000000000024
ECGFiveDays,SuSS,42,84,21.0,34.0,8.0,50.0,13.0,8.0,8.0
EOGHorizontalSignal,SuSS,80,160,40.0,78.00900000000001,1.9909999999999854,81.99099999999999,38.009000000000015,1.9909999999999854,1.9909999999999854
EOGVerticalSignal,SuSS,70,140,35.0,78.0005000000001,8.000500000000102,61.9994999999999,43.0005000000001,8.000500000000102,8.000500000000102
FaceAll,SuSS,40,80,20.0,33.0,7.0,47.0,13.0,7.0,7.0
FaceFour,SuSS,88,176,44.0,350.00549999999976,262.00549999999976,174.00549999999976,306.00549999999976,174.00549999999976,262.00549999999976
FacesUCR,SuSS,34,68,17.0,65.0,31.0,3.0,48.0,3.0,31.0
FiftyWords,SuSS,38,76,19.0,33.99800000000005,4.001999999999953,42.00199999999995,14.998000000000047,4.001999999999953,4.001999999999953
Fish,SuSS,30,60,15.0,57.99799999999959,27.997999999999593,2.0020000000004075,42.99799999999959,2.0020000000004075,27.997999999999593
FreezerRegularTrain,SuSS,64,128,32.0,75.0034999999998,11.003499999999804,52.9965000000002,43.0034999999998,11.003499999999804,11.003499999999804
GunPoint,SuSS,40,80,20.0,37.50749999999999,2.492500000000007,42.49250000000001,17.507499999999993,2.492500000000007,2.492500000000007
Ham,SuSS,52,104,26.0,107.99699999999984,55.996999999999844,3.9969999999998436,81.99699999999984,3.9969999999998436,55.996999999999844
Haptics,SuSS,50,100,25.0,68.00200000000041,18.002000000000407,31.997999999999593,43.00200000000041,18.002000000000407,18.002000000000407
Herring,SuSS,48,96,24.0,128.00500000000005,80.00500000000005,32.00500000000005,104.00500000000005,32.00500000000005,80.00500000000005
InlineSkate,SuSS,72,144,36.0,114.03599999999985,42.035999999999845,29.964000000000155,78.03599999999985,29.964000000000155,42.035999999999845
InsectWingbeatSound,SuSS,26,52,13.0,15.519499999999994,10.480500000000006,36.480500000000006,2.5194999999999936,2.5194999999999936,10.480500000000006
ItalyPowerDemand,SuSS,28,56,14.0,23.99700000000007,4.002999999999929,32.00299999999993,9.997000000000071,4.002999999999929,4.002999999999929
LargeKitchenAppliances,SuSS,46,92,23.0,28.45149999999967,17.54850000000033,63.54850000000033,5.451499999999669,5.451499999999669,17.54850000000033
Lightning2,SuSS,34,68,17.0,19.98599999999999,14.01400000000001,48.01400000000001,2.98599999999999,2.98599999999999,14.01400000000001
Lightning7,SuSS,96,192,48.0,159.00599999999986,63.00599999999986,32.99400000000014,111.00599999999986,32.99400000000014,63.00599999999986
Mallat,SuSS,38,76,19.0,128.00099999999998,90.00099999999998,52.000999999999976,109.00099999999998,52.000999999999976,90.00099999999998
Meat,SuSS,44,88,22.0,56.0,12.0,32.0,34.0,12.0,12.0
MedicalImages,SuSS,52,104,26.0,49.01599999999985,2.984000000000151,54.98400000000015,23.01599999999985,2.984000000000151,2.984000000000151
MelbournePedestrian,SuSS,20,40,10.0,12.000999999999747,7.999000000000253,27.99900000000025,2.000999999999747,2.000999999999747,7.999000000000253
MiddlePhalanxOutlineAgeGroup,SuSS,28,56,14.0,40.0,12.0,16.0,26.0,12.0,12.0
MiddlePhalanxOutlineCorrect,SuSS,20,40,10.0,20.0,0.0,20.0,10.0,0.0,0.0
MiddlePhalanxTW,SuSS,38,76,19.0,80.0010000000002,42.001000000000204,4.001000000000204,61.001000000000204,4.001000000000204,42.001000000000204
MoteStrain,SuSS,78,156,39.0,85.18099999999998,7.180999999999983,70.81900000000002,46.18099999999998,7.180999999999983,7.180999999999983
NonInvasiveFetalECGThorax1,SuSS,44,88,22.0,47.0,3.0,41.0,25.0,3.0,3.0
NonInvasiveFetalECGThorax2,SuSS,40,80,20.0,47.0,7.0,33.0,27.0,7.0,7.0
OSULeaf,SuSS,26,52,13.0,56.0,30.0,4.0,43.0,4.0,30.0
OliveOil,SuSS,70,140,35.0,285.00049999999965,215.00049999999965,145.00049999999965,250.00049999999965,145.00049999999965,215.00049999999965
Plane,SuSS,26,52,13.0,36.0,10.0,16.0,23.0,10.0,10.0
ProximalPhalanxOutlineAgeGroup,SuSS,20,40,10.0,10.0,10.0,30.0,0.0,0.0,10.0
ProximalPhalanxOutlineCorrect,SuSS,20,40,10.0,10.0,10.0,30.0,0.0,0.0,10.0
ProximalPhalanxTW,SuSS,20,40,10.0,20.0,0.0,20.0,10.0,0.0,0.0
ShapeletSim,SuSS,22,44,11.0,33.0,11.0,11.0,22.0,11.0,11.0
ShapesAll,SuSS,58,116,29.0,127.00700000000006,69.00700000000006,11.007000000000062,98.00700000000006,11.007000000000062,69.00700000000006
SonyAIBORobotSurface1,SuSS,42,84,21.0,37.99899999999991,4.00100000000009,46.00100000000009,16.99899999999991,4.00100000000009,4.00100000000009
SonyAIBORobotSurface2,SuSS,48,96,24.0,63.756500000000074,15.756500000000074,32.243499999999926,39.756500000000074,15.756500000000074,15.756500000000074
Strawberry,SuSS,22,44,11.0,14.996999999999986,7.003000000000014,29.003000000000014,3.9969999999999857,3.9969999999999857,7.003000000000014
SwedishLeaf,SuSS,30,60,15.0,32.0,2.0,28.0,17.0,2.0,2.0
Symbols,SuSS,60,120,30.0,100.00149999999996,40.001499999999965,19.998500000000035,70.00149999999996,19.998500000000035,40.001499999999965
SyntheticControl,SuSS,24,48,12.0,15.000999999999976,8.999000000000024,32.999000000000024,3.0009999999999764,3.0009999999999764,8.999000000000024
ToeSegmentation1,SuSS,40,80,20.0,76.0,36.0,4.0,56.0,4.0,36.0
ToeSegmentation2,SuSS,48,96,24.0,35.00200000000001,12.99799999999999,60.99799999999999,11.00200000000001,11.00200000000001,12.99799999999999
Trace,SuSS,50,100,25.0,69.0,19.0,31.0,44.0,19.0,19.0
TwoLeadECG,SuSS,26,52,13.0,20.742500000000007,5.257499999999993,31.257499999999993,7.742500000000007,5.257499999999993,5.257499999999993
UMD,SuSS,74,148,37.0,149.49200000000002,75.49200000000002,1.4920000000000186,112.49200000000002,1.4920000000000186,75.49200000000002
UWaveGestureLibraryAll,SuSS,20,40,10.0,20.998999999999796,0.9989999999997963,19.001000000000204,10.998999999999796,0.9989999999997963,0.9989999999997963
UWaveGestureLibraryX,SuSS,20,40,10.0,10.99899999999991,9.00100000000009,29.00100000000009,0.99899999999991,0.99899999999991,9.00100000000009
UWaveGestureLibraryY,SuSS,20,40,10.0,10.0,10.0,30.0,0.0,0.0,10.0
UWaveGestureLibraryZ,SuSS,20,40,10.0,15.0,5.0,25.0,5.0,5.0,5.0
WordSynonyms,SuSS,40,80,20.0,33.998999999999995,6.001000000000005,46.001000000000005,13.998999999999995,6.001000000000005,6.001000000000005
Yoga,SuSS,34,68,17.0,64.76299999999992,30.76299999999992,3.23700000000008,47.76299999999992,3.23700000000008,30.76299999999992
Adiac,MWF,22,44,11.0,22.02099999999996,0.020999999999961716,21.97900000000004,11.020999999999962,0.020999999999961716,0.020999999999961716
ArrowHead,MWF,32,64,16.0,62.833999999999946,30.833999999999946,1.1660000000000537,46.833999999999946,1.1660000000000537,30.833999999999946
Beef,MWF,117,234,58.5,117.019,0.019000000000005457,116.981,58.519000000000005,0.019000000000005457,0.019000000000005457
BirdChicken,MWF,69,138,34.5,129.56650000000008,60.566500000000076,8.433499999999924,95.06650000000008,8.433499999999924,60.566500000000076
CBF,MWF,9,18,4.5,31.999999999999982,22.999999999999982,13.999999999999982,27.499999999999982,13.999999999999982,22.999999999999982
Car,MWF,18,36,9.0,36.00199999999995,18.001999999999953,0.0019999999999527063,27.001999999999953,0.0019999999999527063,18.001999999999953
Chinatown,MWF,8,16,4.0,24.002999999999982,16.002999999999982,8.002999999999982,20.002999999999982,8.002999999999982,16.002999999999982
ChlorineConcentration,MWF,20,40,10.0,83.0,63.0,43.0,73.0,43.0,63.0
CinCECGTorso,MWF,269,538,134.5,205.0,64.0,333.0,70.5,64.0,64.0
Coffee,MWF,9,18,4.5,36.0,27.0,18.0,31.5,18.0,27.0
CricketX,MWF,19,38,9.5,21.0,2.0,17.0,11.5,2.0,2.0
CricketY,MWF,19,38,9.5,19.0,0.0,19.0,9.5,0.0,0.0
CricketZ,MWF,19,38,9.5,37.00049999999999,18.000499999999988,0.9995000000000118,27.500499999999988,0.9995000000000118,18.000499999999988
Crop,MWF,23,46,11.5,23.01600000000053,0.016000000000531145,22.98399999999947,11.516000000000531,0.016000000000531145,0.016000000000531145
DiatomSizeReduction,MWF,43,86,21.5,43.0,0.0,43.0,21.5,0.0,0.0
DistalPhalanxOutlineAgeGroup,MWF,16,32,8.0,10.0,6.0,22.0,2.0,2.0,6.0
DistalPhalanxTW,MWF,20,40,10.0,20.0,0.0,20.0,10.0,0.0,0.0
DodgerLoopDay,MWF,288,576,144.0,288.928,0.9279999999999973,287.072,144.928,0.9279999999999973,0.9279999999999973
ECG200,MWF,24,48,12.0,24.000999999999976,0.0009999999999763531,23.999000000000024,12.000999999999976,0.0009999999999763531,0.0009999999999763531
ECGFiveDays,MWF,8,16,4.0,34.0,26.0,18.0,30.0,18.0,26.0
EOGHorizontalSignal,MWF,78,156,39.0,78.00900000000001,0.009000000000014552,77.99099999999999,39.009000000000015,0.009000000000014552,0.009000000000014552
EOGVerticalSignal,MWF,78,156,39.0,78.0005000000001,0.0005000000001018634,77.9994999999999,39.0005000000001,0.0005000000001018634,0.0005000000001018634
FaceAll,MWF,22,44,11.0,33.0,11.0,11.0,22.0,11.0,11.0
FaceFour,MWF,85,170,42.5,350.00549999999976,265.00549999999976,180.00549999999976,307.50549999999976,180.00549999999976,265.00549999999976
FacesUCR,MWF,44,88,22.0,65.0,21.0,23.0,43.0,21.0,21.0
FiftyWords,MWF,33,66,16.5,33.99800000000005,0.9980000000000473,32.00199999999995,17.498000000000047,0.9980000000000473,0.9980000000000473
Fish,MWF,29,58,14.5,57.99799999999959,28.997999999999593,0.0020000000004074536,43.49799999999959,0.0020000000004074536,28.997999999999593
FreezerRegularTrain,MWF,75,150,37.5,75.0034999999998,0.003499999999803549,74.9965000000002,37.5034999999998,0.003499999999803549,0.003499999999803549
GunPoint,MWF,37,74,18.5,37.50749999999999,0.5074999999999932,36.49250000000001,19.007499999999993,0.5074999999999932,0.5074999999999932
Ham,MWF,107,214,53.5,107.99699999999984,0.9969999999998436,106.00300000000016,54.496999999999844,0.9969999999998436,0.9969999999998436
Haptics,MWF,68,136,34.0,68.00200000000041,0.0020000000004074536,67.99799999999959,34.00200000000041,0.0020000000004074536,0.0020000000004074536
Herring,MWF,64,128,32.0,128.00500000000005,64.00500000000005,0.005000000000052296,96.00500000000005,0.005000000000052296,64.00500000000005
InlineSkate,MWF,118,236,59.0,114.03599999999985,3.964000000000155,121.96400000000015,55.035999999999845,3.964000000000155,3.964000000000155
InsectWingbeatSound,MWF,12,24,6.0,15.519499999999994,3.5194999999999936,8.480500000000006,9.519499999999994,3.5194999999999936,3.5194999999999936
ItalyPowerDemand,MWF,24,48,12.0,23.99700000000007,0.0029999999999290594,24.00299999999993,11.997000000000071,0.0029999999999290594,0.0029999999999290594
LargeKitchenAppliances,MWF,22,44,11.0,28.45149999999967,6.451499999999669,15.548500000000331,17.45149999999967,6.451499999999669,6.451499999999669
Lightning2,MWF,20,40,10.0,19.98599999999999,0.014000000000010004,20.01400000000001,9.98599999999999,0.014000000000010004,0.014000000000010004
Lightning7,MWF,160,320,80.0,159.00599999999986,0.9940000000001419,160.99400000000014,79.00599999999986,0.9940000000001419,0.9940000000001419
Mallat,MWF,89,178,44.5,128.00099999999998,39.000999999999976,49.999000000000024,83.50099999999998,39.000999999999976,39.000999999999976
Meat,MWF,56,112,28.0,56.0,0.0,56.0,28.0,0.0,0.0
MedicalImages,MWF,49,98,24.5,49.01599999999985,0.015999999999849024,48.98400000000015,24.51599999999985,0.015999999999849024,0.015999999999849024
MelbournePedestrian,MWF,12,24,6.0,12.000999999999747,0.000999999999747203,11.999000000000253,6.000999999999747,0.000999999999747203,0.000999999999747203
MiddlePhalanxOutlineAgeGroup,MWF,40,80,20.0,40.0,0.0,40.0,20.0,0.0,0.0
MiddlePhalanxOutlineCorrect,MWF,20,40,10.0,20.0,0.0,20.0,10.0,0.0,0.0
MiddlePhalanxTW,MWF,74,148,37.0,80.0010000000002,6.001000000000204,67.9989999999998,43.001000000000204,6.001000000000204,6.001000000000204
MoteStrain,MWF,83,166,41.5,85.18099999999998,2.180999999999983,80.81900000000002,43.68099999999998,2.180999999999983,2.180999999999983
NonInvasiveFetalECGThorax1,MWF,47,94,23.5,47.0,0.0,47.0,23.5,0.0,0.0
NonInvasiveFetalECGThorax2,MWF,47,94,23.5,47.0,0.0,47.0,23.5,0.0,0.0
OSULeaf,MWF,41,82,20.5,56.0,15.0,26.0,35.5,15.0,15.0
OliveOil,MWF,270,540,135.0,285.00049999999965,15.000499999999647,254.99950000000035,150.00049999999965,15.000499999999647,15.000499999999647
Plane,MWF,18,36,9.0,36.0,18.0,0.0,27.0,0.0,18.0
ProximalPhalanxOutlineAgeGroup,MWF,16,32,8.0,10.0,6.0,22.0,2.0,2.0,6.0
ProximalPhalanxOutlineCorrect,MWF,16,32,8.0,10.0,6.0,22.0,2.0,2.0,6.0
ProximalPhalanxTW,MWF,20,40,10.0,20.0,0.0,20.0,10.0,0.0,0.0
ShapeletSim,MWF,194,388,97.0,33.0,161.0,355.0,64.0,64.0,161.0
ShapesAll,MWF,69,138,34.5,127.00700000000006,58.00700000000006,10.992999999999938,92.50700000000006,10.992999999999938,58.00700000000006
SonyAIBORobotSurface1,MWF,36,72,18.0,37.99899999999991,1.99899999999991,34.00100000000009,19.99899999999991,1.99899999999991,1.99899999999991
SonyAIBORobotSurface2,MWF,31,62,15.5,63.756500000000074,32.756500000000074,1.7565000000000737,48.256500000000074,1.7565000000000737,32.756500000000074
Strawberry,MWF,14,28,7.0,14.996999999999986,0.9969999999999857,13.003000000000014,7.996999999999986,0.9969999999999857,0.9969999999999857
SwedishLeaf,MWF,16,32,8.0,32.0,16.0,0.0,24.0,0.0,16.0
Symbols,MWF,99,198,49.5,100.00149999999996,1.0014999999999645,97.99850000000004,50.501499999999965,1.0014999999999645,1.0014999999999645
SyntheticControl,MWF,15,30,7.5,15.000999999999976,0.0009999999999763531,14.999000000000024,7.500999999999976,0.0009999999999763531,0.0009999999999763531
ToeSegmentation1,MWF,82,164,41.0,76.0,6.0,88.0,35.0,6.0,6.0
ToeSegmentation2,MWF,36,72,18.0,35.00200000000001,0.9979999999999905,36.99799999999999,17.00200000000001,0.9979999999999905,0.9979999999999905
Trace,MWF,68,136,34.0,69.0,1.0,67.0,35.0,1.0,1.0
TwoLeadECG,MWF,9,18,4.5,20.742500000000007,11.742500000000007,2.742500000000007,16.242500000000007,2.742500000000007,11.742500000000007
UMD,MWF,143,286,71.5,149.49200000000002,6.492000000000019,136.50799999999998,77.99200000000002,6.492000000000019,6.492000000000019
UWaveGestureLibraryAll,MWF,11,22,5.5,20.998999999999796,9.998999999999796,1.0010000000002037,15.498999999999796,1.0010000000002037,9.998999999999796
UWaveGestureLibraryX,MWF,11,22,5.5,10.99899999999991,0.00100000000009004,11.00100000000009,5.49899999999991,0.00100000000009004,0.00100000000009004
UWaveGestureLibraryY,MWF,11,22,5.5,10.0,1.0,12.0,4.5,1.0,1.0
UWaveGestureLibraryZ,MWF,11,22,5.5,15.0,4.0,7.0,9.5,4.0,4.0
WordSynonyms,MWF,33,66,16.5,33.998999999999995,0.9989999999999952,32.001000000000005,17.498999999999995,0.9989999999999952,0.9989999999999952
Yoga,MWF,43,86,21.5,64.76299999999992,21.76299999999992,21.23700000000008,43.26299999999992,21.23700000000008,21.76299999999992
Adiac,Autoperiod,22,44,11.0,22.02099999999996,0.020999999999961716,21.97900000000004,11.020999999999962,0.020999999999961716,0.020999999999961716
ArrowHead,Autoperiod,32,64,16.0,62.833999999999946,30.833999999999946,1.1660000000000537,46.833999999999946,1.1660000000000537,30.833999999999946
Beef,Autoperiod,61,122,30.5,117.019,56.019000000000005,4.9809999999999945,86.519,4.9809999999999945,56.019000000000005
BirdChicken,Autoperiod,44,88,22.0,129.56650000000008,85.56650000000008,41.566500000000076,107.56650000000008,41.566500000000076,85.56650000000008
CBF,Autoperiod,32,64,16.0,31.999999999999982,1.7763568394002505e-14,32.000000000000014,15.999999999999982,1.7763568394002505e-14,1.7763568394002505e-14
Car,Autoperiod,18,36,9.0,36.00199999999995,18.001999999999953,0.0019999999999527063,27.001999999999953,0.0019999999999527063,18.001999999999953
Chinatown,Autoperiod,24,48,12.0,24.002999999999982,0.00299999999998235,23.997000000000018,12.002999999999982,0.00299999999998235,0.00299999999998235
ChlorineConcentration,Autoperiod,21,42,10.5,83.0,62.0,41.0,72.5,41.0,62.0
CinCECGTorso,Autoperiod,235,470,117.5,205.0,30.0,265.0,87.5,30.0,30.0
Coffee,Autoperiod,36,72,18.0,36.0,0.0,36.0,18.0,0.0,0.0
CricketX,Autoperiod,19,38,9.5,21.0,2.0,17.0,11.5,2.0,2.0
CricketY,Autoperiod,19,38,9.5,19.0,0.0,19.0,9.5,0.0,0.0
CricketZ,Autoperiod,19,38,9.5,37.00049999999999,18.000499999999988,0.9995000000000118,27.500499999999988,0.9995000000000118,18.000499999999988
Crop,Autoperiod,23,46,11.5,23.01600000000053,0.016000000000531145,22.98399999999947,11.516000000000531,0.016000000000531145,0.016000000000531145
DiatomSizeReduction,Autoperiod,43,86,21.5,43.0,0.0,43.0,21.5,0.0,0.0
DistalPhalanxOutlineAgeGroup,Autoperiod,10,20,5.0,10.0,0.0,10.0,5.0,0.0,0.0
DistalPhalanxTW,Autoperiod,20,40,10.0,20.0,0.0,20.0,10.0,0.0,0.0
DodgerLoopDay,Autoperiod,287,574,143.5,288.928,1.9279999999999973,285.072,145.428,1.9279999999999973,1.9279999999999973
ECG200,Autoperiod,24,48,12.0,24.000999999999976,0.0009999999999763531,23.999000000000024,12.000999999999976,0.0009999999999763531,0.0009999999999763531
ECGFiveDays,Autoperiod,16,32,8.0,34.0,18.0,2.0,26.0,2.0,18.0
EOGHorizontalSignal,Autoperiod,78,156,39.0,78.00900000000001,0.009000000000014552,77.99099999999999,39.009000000000015,0.009000000000014552,0.009000000000014552
EOGVerticalSignal,Autoperiod,78,156,39.0,78.0005000000001,0.0005000000001018634,77.9994999999999,39.0005000000001,0.0005000000001018634,0.0005000000001018634
FaceAll,Autoperiod,10,20,5.0,33.0,23.0,13.0,28.0,13.0,23.0
FaceFour,Autoperiod,46,92,23.0,350.00549999999976,304.00549999999976,258.00549999999976,327.00549999999976,258.00549999999976,304.00549999999976
FacesUCR,Autoperiod,10,20,5.0,65.0,55.0,45.0,60.0,45.0,55.0
FiftyWords,Autoperiod,34,68,17.0,33.99800000000005,0.0019999999999527063,34.00199999999995,16.998000000000047,0.0019999999999527063,0.0019999999999527063
Fish,Autoperiod,29,58,14.5,57.99799999999959,28.997999999999593,0.0020000000004074536,43.49799999999959,0.0020000000004074536,28.997999999999593
FreezerRegularTrain,Autoperiod,75,150,37.5,75.0034999999998,0.003499999999803549,74.9965000000002,37.5034999999998,0.003499999999803549,0.003499999999803549
GunPoint,Autoperiod,37,74,18.5,37.50749999999999,0.5074999999999932,36.49250000000001,19.007499999999993,0.5074999999999932,0.5074999999999932
Ham,Autoperiod,26,52,13.0,107.99699999999984,81.99699999999984,55.996999999999844,94.99699999999984,55.996999999999844,81.99699999999984
Haptics,Autoperiod,68,136,34.0,68.00200000000041,0.0020000000004074536,67.99799999999959,34.00200000000041,0.0020000000004074536,0.0020000000004074536
Herring,Autoperiod,64,128,32.0,128.00500000000005,64.00500000000005,0.005000000000052296,96.00500000000005,0.005000000000052296,64.00500000000005
InlineSkate,Autoperiod,117,234,58.5,114.03599999999985,2.964000000000155,119.96400000000015,55.535999999999845,2.964000000000155,2.964000000000155
InsectWingbeatSound,Autoperiod,16,32,8.0,15.519499999999994,0.48050000000000637,16.480500000000006,7.519499999999994,0.48050000000000637,0.48050000000000637
ItalyPowerDemand,Autoperiod,24,48,12.0,23.99700000000007,0.0029999999999290594,24.00299999999993,11.997000000000071,0.0029999999999290594,0.0029999999999290594
LargeKitchenAppliances,Autoperiod,23,46,11.5,28.45149999999967,5.451499999999669,17.54850000000033,16.95149999999967,5.451499999999669,5.451499999999669
Lightning2,Autoperiod,20,40,10.0,19.98599999999999,0.014000000000010004,20.01400000000001,9.98599999999999,0.014000000000010004,0.014000000000010004
Lightning7,Autoperiod,159,318,79.5,159.00599999999986,0.005999999999858119,158.99400000000014,79.50599999999986,0.005999999999858119,0.005999999999858119
Mallat,Autoperiod,41,82,20.5,128.00099999999998,87.00099999999998,46.000999999999976,107.50099999999998,46.000999999999976,87.00099999999998
Meat,Autoperiod,56,112,28.0,56.0,0.0,56.0,28.0,0.0,0.0
MedicalImages,Autoperiod,49,98,24.5,49.01599999999985,0.015999999999849024,48.98400000000015,24.51599999999985,0.015999999999849024,0.015999999999849024
MelbournePedestrian,Autoperiod,12,24,6.0,12.000999999999747,0.000999999999747203,11.999000000000253,6.000999999999747,0.000999999999747203,0.000999999999747203
MiddlePhalanxOutlineAgeGroup,Autoperiod,40,80,20.0,40.0,0.0,40.0,20.0,0.0,0.0
MiddlePhalanxOutlineCorrect,Autoperiod,20,40,10.0,20.0,0.0,20.0,10.0,0.0,0.0
MiddlePhalanxTW,Autoperiod,80,160,40.0,80.0010000000002,0.0010000000002037268,79.9989999999998,40.001000000000204,0.0010000000002037268,0.0010000000002037268
MoteStrain,Autoperiod,84,168,42.0,85.18099999999998,1.1809999999999832,82.81900000000002,43.18099999999998,1.1809999999999832,1.1809999999999832
NonInvasiveFetalECGThorax1,Autoperiod,47,94,23.5,47.0,0.0,47.0,23.5,0.0,0.0
NonInvasiveFetalECGThorax2,Autoperiod,47,94,23.5,47.0,0.0,47.0,23.5,0.0,0.0
OSULeaf,Autoperiod,13,26,6.5,56.0,43.0,30.0,49.5,30.0,43.0
OliveOil,Autoperiod,285,570,142.5,285.00049999999965,0.0004999999996471161,284.99950000000035,142.50049999999965,0.0004999999996471161,0.0004999999996471161
Plane,Autoperiod,18,36,9.0,36.0,18.0,0.0,27.0,0.0,18.0
ProximalPhalanxOutlineAgeGroup,Autoperiod,10,20,5.0,10.0,0.0,10.0,5.0,0.0,0.0
ProximalPhalanxOutlineCorrect,Autoperiod,10,20,5.0,10.0,0.0,10.0,5.0,0.0,0.0
ProximalPhalanxTW,Autoperiod,20,40,10.0,20.0,0.0,20.0,10.0,0.0,0.0
ShapeletSim,Autoperiod,2,4,1.0,33.0,31.0,29.0,32.0,29.0,31.0
ShapesAll,Autoperiod,65,130,32.5,127.00700000000006,62.00700000000006,2.992999999999938,94.50700000000006,2.992999999999938,62.00700000000006
SonyAIBORobotSurface1,Autoperiod,33,66,16.5,37.99899999999991,4.99899999999991,28.00100000000009,21.49899999999991,4.99899999999991,4.99899999999991
SonyAIBORobotSurface2,Autoperiod,7,14,3.5,63.756500000000074,56.756500000000074,49.756500000000074,60.256500000000074,49.756500000000074,56.756500000000074
Strawberry,Autoperiod,15,30,7.5,14.996999999999986,0.0030000000000143245,15.003000000000014,7.496999999999986,0.0030000000000143245,0.0030000000000143245
SwedishLeaf,Autoperiod,16,32,8.0,32.0,16.0,0.0,24.0,0.0,16.0
Symbols,Autoperiod,100,200,50.0,100.00149999999996,0.0014999999999645297,99.99850000000004,50.001499999999965,0.0014999999999645297,0.0014999999999645297
SyntheticControl,Autoperiod,15,30,7.5,15.000999999999976,0.0009999999999763531,14.999000000000024,7.500999999999976,0.0009999999999763531,0.0009999999999763531
ToeSegmentation1,Autoperiod,24,48,12.0,76.0,52.0,28.0,64.0,28.0,52.0
ToeSegmentation2,Autoperiod,35,70,17.5,35.00200000000001,0.0020000000000095497,34.99799999999999,17.50200000000001,0.0020000000000095497,0.0020000000000095497
Trace,Autoperiod,69,138,34.5,69.0,0.0,69.0,34.5,0.0,0.0
TwoLeadECG,Autoperiod,20,40,10.0,20.742500000000007,0.7425000000000068,19.257499999999993,10.742500000000007,0.7425000000000068,0.7425000000000068
UMD,Autoperiod,151,302,75.5,149.49200000000002,1.5079999999999814,152.50799999999998,73.99200000000002,1.5079999999999814,1.5079999999999814
UWaveGestureLibraryAll,Autoperiod,5,10,2.5,20.998999999999796,15.998999999999796,10.998999999999796,18.498999999999796,10.998999999999796,15.998999999999796
UWaveGestureLibraryX,Autoperiod,5,10,2.5,10.99899999999991,5.99899999999991,0.99899999999991,8.49899999999991,0.99899999999991,5.99899999999991
UWaveGestureLibraryY,Autoperiod,5,10,2.5,10.0,5.0,0.0,7.5,0.0,5.0
UWaveGestureLibraryZ,Autoperiod,5,10,2.5,15.0,10.0,5.0,12.5,5.0,10.0
WordSynonyms,Autoperiod,34,68,17.0,33.998999999999995,0.0010000000000047748,34.001000000000005,16.998999999999995,0.0010000000000047748,0.0010000000000047748
Yoga,Autoperiod,24,48,12.0,64.76299999999992,40.76299999999992,16.76299999999992,52.76299999999992,16.76299999999992,40.76299999999992
Adiac,RobustPeriod,4,8,2.0,22.02099999999996,18.02099999999996,14.020999999999962,20.02099999999996,14.020999999999962,20.02099999999996
ArrowHead,RobustPeriod,31,62,15.5,62.833999999999946,31.833999999999946,0.8339999999999463,47.333999999999946,0.8339999999999463,47.333999999999946
Beef,RobustPeriod,7,14,3.5,117.019,110.019,103.019,113.519,103.019,113.519
BirdChicken,RobustPeriod,43,86,21.5,129.56650000000008,86.56650000000008,43.566500000000076,108.06650000000008,43.566500000000076,108.06650000000008
CBF,RobustPeriod,343,686,171.5,31.999999999999982,311.0,654.0,139.50000000000003,139.50000000000003,139.50000000000003
Car,RobustPeriod,18,36,9.0,36.00199999999995,18.001999999999953,0.0019999999999527063,27.001999999999953,0.0019999999999527063,27.001999999999953
Chinatown,RobustPeriod,24,48,12.0,24.002999999999982,0.00299999999998235,23.997000000000018,12.002999999999982,0.00299999999998235,12.002999999999982
ChlorineConcentration,RobustPeriod,21,42,10.5,83.0,62.0,41.0,72.5,41.0,72.5
CinCECGTorso,RobustPeriod,10,20,5.0,205.0,195.0,185.0,200.0,185.0,200.0
Coffee,RobustPeriod,4,8,2.0,36.0,32.0,28.0,34.0,28.0,34.0
CricketX,RobustPeriod,69,138,34.5,21.0,48.0,117.0,13.5,13.5,13.5
CricketY,RobustPeriod,19,38,9.5,19.0,0.0,19.0,9.5,0.0,9.5
CricketZ,RobustPeriod,323,646,161.5,37.00049999999999,285.9995,608.9995,124.49950000000001,124.49950000000001,124.49950000000001
Crop,RobustPeriod,12,24,6.0,23.01600000000053,11.016000000000531,0.9839999999994689,17.01600000000053,0.9839999999994689,17.01600000000053
DiatomSizeReduction,RobustPeriod,14,28,7.0,43.0,29.0,15.0,36.0,15.0,36.0
DistalPhalanxOutlineAgeGroup,RobustPeriod,3,6,1.5,10.0,7.0,4.0,8.5,4.0,8.5
DistalPhalanxTW,RobustPeriod,3,6,1.5,20.0,17.0,14.0,18.5,14.0,18.5
DodgerLoopDay,RobustPeriod,96,192,48.0,288.928,192.928,96.928,240.928,96.928,240.928
ECG200,RobustPeriod,12,24,6.0,24.000999999999976,12.000999999999976,0.0009999999999763531,18.000999999999976,0.0009999999999763531,18.000999999999976
ECGFiveDays,RobustPeriod,17,34,8.5,34.0,17.0,0.0,25.5,0.0,25.5
EOGHorizontalSignal,RobustPeriod,19,38,9.5,78.00900000000001,59.009000000000015,40.009000000000015,68.50900000000001,40.009000000000015,68.50900000000001
EOGVerticalSignal,RobustPeriod,20,40,10.0,78.0005000000001,58.0005000000001,38.0005000000001,68.0005000000001,38.0005000000001,68.0005000000001
FaceAll,RobustPeriod,6,12,3.0,33.0,27.0,21.0,30.0,21.0,30.0
FaceFour,RobustPeriod,44,88,22.0,350.00549999999976,306.00549999999976,262.00549999999976,328.00549999999976,262.00549999999976,328.00549999999976
FacesUCR,RobustPeriod,22,44,11.0,65.0,43.0,21.0,54.0,21.0,54.0
FiftyWords,RobustPeriod,34,68,17.0,33.99800000000005,0.0019999999999527063,34.00199999999995,16.998000000000047,0.0019999999999527063,16.998000000000047
Fish,RobustPeriod,14,28,7.0,57.99799999999959,43.99799999999959,29.997999999999593,50.99799999999959,29.997999999999593,50.99799999999959
FreezerRegularTrain,RobustPeriod,15,30,7.5,75.0034999999998,60.0034999999998,45.0034999999998,67.5034999999998,45.0034999999998,67.5034999999998
GunPoint,RobustPeriod,37,74,18.5,37.50749999999999,0.5074999999999932,36.49250000000001,19.007499999999993,0.5074999999999932,19.007499999999993
Ham,RobustPeriod,27,54,13.5,107.99699999999984,80.99699999999984,53.996999999999844,94.49699999999984,53.996999999999844,94.49699999999984
Haptics,RobustPeriod,17,34,8.5,68.00200000000041,51.00200000000041,34.00200000000041,59.50200000000041,34.00200000000041,59.50200000000041
Herring,RobustPeriod,64,128,32.0,128.00500000000005,64.00500000000005,0.005000000000052296,96.00500000000005,0.005000000000052296,96.00500000000005
InlineSkate,RobustPeriod,118,236,59.0,114.03599999999985,3.964000000000155,121.96400000000015,55.035999999999845,3.964000000000155,55.035999999999845
InsectWingbeatSound,RobustPeriod,83,166,41.5,15.519499999999994,67.4805,150.4805,25.980500000000006,25.980500000000006,25.980500000000006
ItalyPowerDemand,RobustPeriod,12,24,6.0,23.99700000000007,11.997000000000071,0.0029999999999290594,17.99700000000007,0.0029999999999290594,17.99700000000007
LargeKitchenAppliances,RobustPeriod,22,44,11.0,28.45149999999967,6.451499999999669,15.548500000000331,17.45149999999967,6.451499999999669,17.45149999999967
Lightning2,RobustPeriod,34,68,17.0,19.98599999999999,14.01400000000001,48.01400000000001,2.98599999999999,2.98599999999999,2.98599999999999
Lightning7,RobustPeriod,27,54,13.5,159.00599999999986,132.00599999999986,105.00599999999986,145.50599999999986,105.00599999999986,145.50599999999986
Mallat,RobustPeriod,128,256,64.0,128.00099999999998,0.0009999999999763531,127.99900000000002,64.00099999999998,0.0009999999999763531,64.00099999999998
Meat,RobustPeriod,5,10,2.5,56.0,51.0,46.0,53.5,46.0,53.5
MedicalImages,RobustPeriod,16,32,8.0,49.01599999999985,33.01599999999985,17.01599999999985,41.01599999999985,17.01599999999985,41.01599999999985
MelbournePedestrian,RobustPeriod,6,12,3.0,12.000999999999747,6.000999999999747,0.000999999999747203,9.000999999999747,0.000999999999747203,9.000999999999747
MiddlePhalanxOutlineAgeGroup,RobustPeriod,13,26,6.5,40.0,27.0,14.0,33.5,14.0,33.5
MiddlePhalanxOutlineCorrect,RobustPeriod,136,272,68.0,20.0,116.0,252.0,48.0,48.0,48.0
MiddlePhalanxTW,RobustPeriod,27,54,13.5,80.0010000000002,53.001000000000204,26.001000000000204,66.5010000000002,26.001000000000204,66.5010000000002
MoteStrain,RobustPeriod,16,32,8.0,85.18099999999998,69.18099999999998,53.18099999999998,77.18099999999998,53.18099999999998,77.18099999999998
NonInvasiveFetalECGThorax1,RobustPeriod,7,14,3.5,47.0,40.0,33.0,43.5,33.0,43.5
NonInvasiveFetalECGThorax2,RobustPeriod,10,20,5.0,47.0,37.0,27.0,42.0,27.0,42.0
OSULeaf,RobustPeriod,64,128,32.0,56.0,8.0,72.0,24.0,8.0,24.0
OliveOil,RobustPeriod,26,52,13.0,285.00049999999965,259.00049999999965,233.00049999999965,272.00049999999965,233.00049999999965,272.00049999999965
Plane,RobustPeriod,12,24,6.0,36.0,24.0,12.0,30.0,12.0,30.0
ProximalPhalanxOutlineAgeGroup,RobustPeriod,3,6,1.5,10.0,7.0,4.0,8.5,4.0,8.5
ProximalPhalanxOutlineCorrect,RobustPeriod,135,270,67.5,10.0,125.0,260.0,57.5,57.5,57.5
ProximalPhalanxTW,RobustPeriod,3,6,1.5,20.0,17.0,14.0,18.5,14.0,18.5
ShapeletSim,RobustPeriod,100,200,50.0,33.0,67.0,167.0,17.0,17.0,17.0
ShapesAll,RobustPeriod,64,128,32.0,127.00700000000006,63.00700000000006,0.9929999999999382,95.00700000000006,0.9929999999999382,95.00700000000006
SonyAIBORobotSurface1,RobustPeriod,14,28,7.0,37.99899999999991,23.99899999999991,9.99899999999991,30.99899999999991,9.99899999999991,30.99899999999991
SonyAIBORobotSurface2,RobustPeriod,32,64,16.0,63.756500000000074,31.756500000000074,0.24349999999992633,47.756500000000074,0.24349999999992633,47.756500000000074
Strawberry,RobustPeriod,15,30,7.5,14.996999999999986,0.0030000000000143245,15.003000000000014,7.496999999999986,0.0030000000000143245,7.496999999999986
SwedishLeaf,RobustPeriod,16,32,8.0,32.0,16.0,0.0,24.0,0.0,24.0
Symbols,RobustPeriod,33,66,16.5,100.00149999999996,67.00149999999996,34.001499999999965,83.50149999999996,34.001499999999965,83.50149999999996
SyntheticControl,RobustPeriod,160,320,80.0,15.000999999999976,144.99900000000002,304.999,64.99900000000002,64.99900000000002,64.99900000000002
ToeSegmentation1,RobustPeriod,88,176,44.0,76.0,12.0,100.0,32.0,12.0,32.0
ToeSegmentation2,RobustPeriod,34,68,17.0,35.00200000000001,1.0020000000000095,32.99799999999999,18.00200000000001,1.0020000000000095,18.00200000000001
Trace,RobustPeriod,34,68,17.0,69.0,35.0,1.0,52.0,1.0,52.0
TwoLeadECG,RobustPeriod,10,20,5.0,20.742500000000007,10.742500000000007,0.7425000000000068,15.742500000000007,0.7425000000000068,15.742500000000007
UMD,RobustPeriod,25,50,12.5,149.49200000000002,124.49200000000002,99.49200000000002,136.99200000000002,99.49200000000002,136.99200000000002
UWaveGestureLibraryAll,RobustPeriod,15,30,7.5,20.998999999999796,5.998999999999796,9.001000000000204,13.498999999999796,5.998999999999796,13.498999999999796
UWaveGestureLibraryX,RobustPeriod,35,70,17.5,10.99899999999991,24.00100000000009,59.00100000000009,6.50100000000009,6.50100000000009,6.50100000000009
UWaveGestureLibraryY,RobustPeriod,61,122,30.5,10.0,51.0,112.0,20.5,20.5,20.5
UWaveGestureLibraryZ,RobustPeriod,36,72,18.0,15.0,21.0,57.0,3.0,3.0,3.0
WordSynonyms,RobustPeriod,11,22,5.5,33.998999999999995,22.998999999999995,11.998999999999995,28.498999999999995,11.998999999999995,28.498999999999995
Yoga,RobustPeriod,18,36,9.0,64.76299999999992,46.76299999999992,28.76299999999992,55.76299999999992,28.76299999999992,55.76299999999992
Adiac,ReWin,1,2,0.5,22.02099999999996,21.02099999999996,20.02099999999996,21.52099999999996,20.02099999999996,20.02099999999996
ArrowHead,ReWin,1,2,0.5,62.833999999999946,61.833999999999946,60.833999999999946,62.333999999999946,60.833999999999946,60.833999999999946
Beef,ReWin,1,2,0.5,117.019,116.019,115.019,116.519,115.019,115.019
BirdChicken,ReWin,1,2,0.5,129.56650000000008,128.56650000000008,127.56650000000008,129.06650000000008,127.56650000000008,127.56650000000008
CBF,ReWin,1,2,0.5,31.999999999999982,30.999999999999982,29.999999999999982,31.499999999999982,29.999999999999982,29.999999999999982
Car,ReWin,1,2,0.5,36.00199999999995,35.00199999999995,34.00199999999995,35.50199999999995,34.00199999999995,34.00199999999995
Chinatown,ReWin,1,2,0.5,24.002999999999982,23.002999999999982,22.002999999999982,23.502999999999982,22.002999999999982,22.002999999999982
ChlorineConcentration,ReWin,1,2,0.5,83.0,82.0,81.0,82.5,81.0,81.0
CinCECGTorso,ReWin,1,2,0.5,205.0,204.0,203.0,204.5,203.0,203.0
Coffee,ReWin,1,2,0.5,36.0,35.0,34.0,35.5,34.0,34.0
CricketX,ReWin,1,2,0.5,21.0,20.0,19.0,20.5,19.0,19.0
CricketY,ReWin,1,2,0.5,19.0,18.0,17.0,18.5,17.0,17.0
CricketZ,ReWin,1,2,0.5,37.00049999999999,36.00049999999999,35.00049999999999,36.50049999999999,35.00049999999999,35.00049999999999
Crop,ReWin,1,2,0.5,23.01600000000053,22.01600000000053,21.01600000000053,22.51600000000053,21.01600000000053,21.01600000000053
DiatomSizeReduction,ReWin,1,2,0.5,43.0,42.0,41.0,42.5,41.0,41.0
DistalPhalanxOutlineAgeGroup,ReWin,1,2,0.5,10.0,9.0,8.0,9.5,8.0,8.0
DistalPhalanxTW,ReWin,1,2,0.5,20.0,19.0,18.0,19.5,18.0,18.0
DodgerLoopDay,ReWin,1,2,0.5,288.928,287.928,286.928,288.428,286.928,286.928
ECG200,ReWin,1,2,0.5,24.000999999999976,23.000999999999976,22.000999999999976,23.500999999999976,22.000999999999976,22.000999999999976
ECGFiveDays,ReWin,1,2,0.5,34.0,33.0,32.0,33.5,32.0,32.0
EOGHorizontalSignal,ReWin,1,2,0.5,78.00900000000001,77.00900000000001,76.00900000000001,77.50900000000001,76.00900000000001,76.00900000000001
EOGVerticalSignal,ReWin,1,2,0.5,78.0005000000001,77.0005000000001,76.0005000000001,77.5005000000001,76.0005000000001,76.0005000000001
FaceAll,ReWin,1,2,0.5,33.0,32.0,31.0,32.5,31.0,31.0
FaceFour,ReWin,1,2,0.5,350.00549999999976,349.00549999999976,348.00549999999976,349.50549999999976,348.00549999999976,348.00549999999976
FacesUCR,ReWin,1,2,0.5,65.0,64.0,63.0,64.5,63.0,63.0
FiftyWords,ReWin,1,2,0.5,33.99800000000005,32.99800000000005,31.998000000000047,33.49800000000005,31.998000000000047,31.998000000000047
Fish,ReWin,1,2,0.5,57.99799999999959,56.99799999999959,55.99799999999959,57.49799999999959,55.99799999999959,55.99799999999959
FreezerRegularTrain,ReWin,1,2,0.5,75.0034999999998,74.0034999999998,73.0034999999998,74.5034999999998,73.0034999999998,73.0034999999998
GunPoint,ReWin,1,2,0.5,37.50749999999999,36.50749999999999,35.50749999999999,37.00749999999999,35.50749999999999,35.50749999999999
Ham,ReWin,1,2,0.5,107.99699999999984,106.99699999999984,105.99699999999984,107.49699999999984,105.99699999999984,105.99699999999984
Haptics,ReWin,1,2,0.5,68.00200000000041,67.00200000000041,66.00200000000041,67.50200000000041,66.00200000000041,66.00200000000041
Herring,ReWin,1,2,0.5,128.00500000000005,127.00500000000005,126.00500000000005,127.50500000000005,126.00500000000005,126.00500000000005
InlineSkate,ReWin,1,2,0.5,114.03599999999985,113.03599999999985,112.03599999999985,113.53599999999985,112.03599999999985,112.03599999999985
InsectWingbeatSound,ReWin,1,2,0.5,15.519499999999994,14.519499999999994,13.519499999999994,15.019499999999994,13.519499999999994,13.519499999999994
ItalyPowerDemand,ReWin,1,2,0.5,23.99700000000007,22.99700000000007,21.99700000000007,23.49700000000007,21.99700000000007,21.99700000000007
LargeKitchenAppliances,ReWin,1,2,0.5,28.45149999999967,27.45149999999967,26.45149999999967,27.95149999999967,26.45149999999967,26.45149999999967
Lightning2,ReWin,1,2,0.5,19.98599999999999,18.98599999999999,17.98599999999999,19.48599999999999,17.98599999999999,17.98599999999999
Lightning7,ReWin,1,2,0.5,159.00599999999986,158.00599999999986,157.00599999999986,158.50599999999986,157.00599999999986,157.00599999999986
Mallat,ReWin,1,2,0.5,128.00099999999998,127.00099999999998,126.00099999999998,127.50099999999998,126.00099999999998,126.00099999999998
Meat,ReWin,1,2,0.5,56.0,55.0,54.0,55.5,54.0,54.0
MedicalImages,ReWin,1,2,0.5,49.01599999999985,48.01599999999985,47.01599999999985,48.51599999999985,47.01599999999985,47.01599999999985
MelbournePedestrian,ReWin,1,2,0.5,12.000999999999747,11.000999999999747,10.000999999999747,11.500999999999747,10.000999999999747,10.000999999999747
MiddlePhalanxOutlineAgeGroup,ReWin,1,2,0.5,40.0,39.0,38.0,39.5,38.0,38.0
MiddlePhalanxOutlineCorrect,ReWin,1,2,0.5,20.0,19.0,18.0,19.5,18.0,18.0
MiddlePhalanxTW,ReWin,1,2,0.5,80.0010000000002,79.0010000000002,78.0010000000002,79.5010000000002,78.0010000000002,78.0010000000002
MoteStrain,ReWin,1,2,0.5,85.18099999999998,84.18099999999998,83.18099999999998,84.68099999999998,83.18099999999998,83.18099999999998
NonInvasiveFetalECGThorax1,ReWin,1,2,0.5,47.0,46.0,45.0,46.5,45.0,45.0
NonInvasiveFetalECGThorax2,ReWin,1,2,0.5,47.0,46.0,45.0,46.5,45.0,45.0
OSULeaf,ReWin,1,2,0.5,56.0,55.0,54.0,55.5,54.0,54.0
OliveOil,ReWin,1,2,0.5,285.00049999999965,284.00049999999965,283.00049999999965,284.50049999999965,283.00049999999965,283.00049999999965
Plane,ReWin,1,2,0.5,36.0,35.0,34.0,35.5,34.0,34.0
ProximalPhalanxOutlineAgeGroup,ReWin,1,2,0.5,10.0,9.0,8.0,9.5,8.0,8.0
ProximalPhalanxOutlineCorrect,ReWin,1,2,0.5,10.0,9.0,8.0,9.5,8.0,8.0
ProximalPhalanxTW,ReWin,1,2,0.5,20.0,19.0,18.0,19.5,18.0,18.0
ShapeletSim,ReWin,1,2,0.5,33.0,32.0,31.0,32.5,31.0,31.0
ShapesAll,ReWin,1,2,0.5,127.00700000000006,126.00700000000006,125.00700000000006,126.50700000000006,125.00700000000006,125.00700000000006
SonyAIBORobotSurface1,ReWin,1,2,0.5,37.99899999999991,36.99899999999991,35.99899999999991,37.49899999999991,35.99899999999991,35.99899999999991
SonyAIBORobotSurface2,ReWin,1,2,0.5,63.756500000000074,62.756500000000074,61.756500000000074,63.256500000000074,61.756500000000074,61.756500000000074
Strawberry,ReWin,1,2,0.5,14.996999999999986,13.996999999999986,12.996999999999986,14.496999999999986,12.996999999999986,12.996999999999986
SwedishLeaf,ReWin,1,2,0.5,32.0,31.0,30.0,31.5,30.0,30.0
Symbols,ReWin,1,2,0.5,100.00149999999996,99.00149999999996,98.00149999999996,99.50149999999996,98.00149999999996,98.00149999999996
SyntheticControl,ReWin,1,2,0.5,15.000999999999976,14.000999999999976,13.000999999999976,14.500999999999976,13.000999999999976,13.000999999999976
ToeSegmentation1,ReWin,1,2,0.5,76.0,75.0,74.0,75.5,74.0,74.0
ToeSegmentation2,ReWin,1,2,0.5,35.00200000000001,34.00200000000001,33.00200000000001,34.50200000000001,33.00200000000001,33.00200000000001
Trace,ReWin,1,2,0.5,69.0,68.0,67.0,68.5,67.0,67.0
TwoLeadECG,ReWin,1,2,0.5,20.742500000000007,19.742500000000007,18.742500000000007,20.242500000000007,18.742500000000007,18.742500000000007
UMD,ReWin,1,2,0.5,149.49200000000002,148.49200000000002,147.49200000000002,148.99200000000002,147.49200000000002,147.49200000000002
UWaveGestureLibraryAll,ReWin,1,2,0.5,20.998999999999796,19.998999999999796,18.998999999999796,20.498999999999796,18.998999999999796,18.998999999999796
UWaveGestureLibraryX,ReWin,1,2,0.5,10.99899999999991,9.99899999999991,8.99899999999991,10.49899999999991,8.99899999999991,8.99899999999991
UWaveGestureLibraryY,ReWin,1,2,0.5,10.0,9.0,8.0,9.5,8.0,8.0
UWaveGestureLibraryZ,ReWin,1,2,0.5,15.0,14.0,13.0,14.5,13.0,13.0
WordSynonyms,ReWin,1,2,0.5,33.998999999999995,32.998999999999995,31.998999999999995,33.498999999999995,31.998999999999995,31.998999999999995
Yoga,ReWin,1,2,0.5,64.76299999999992,63.76299999999992,62.76299999999992,64.26299999999992,62.76299999999992,62.76299999999992
